id,first_name,last_name,email,gender,ip_address
1,Violette,Mabbutt,vmabbutt0@furl.net,Female,151.8.9.171
2,Chester,Flynn,cflynn1@house.gov,Male,7.186.7.169
3,Donny,Chuter,dchuter2@hhs.gov,Female,191.180.241.246
4,Judas,Royall,jroyall3@pbs.org,Male,63.242.236.56
5,Pavlov,Burnapp,pburnapp4@w3.org,Male,83.58.141.198
6,Alene,Tabbitt,atabbitt5@loc.gov,Female,137.106.123.118
7,Bartolemo,Crevagh,bcrevagh6@vistaprint.com,Male,249.69.21.253
8,Luke,Skule,lskule7@time.com,Male,109.45.114.17
9,Truman,Angerstein,tangerstein8@mashable.com,Male,18.155.187.219
10,Sherman,Ost,sost9@biglobe.ne.jp,Male,232.80.85.223
11,Brook,Magarrell,bmagarrella@unicef.org,Female,230.3.7.29
12,Rudolfo,Neilus,rneilusb@miibeian.gov.cn,Male,146.130.19.195
13,Yulma,Cruz,ycruzc@qq.com,Male,111.39.73.168
14,Krisha,Prue,kprued@posterous.com,Male,147.177.11.161
15,Rodger,Colvine,rcolvinee@cnbc.com,Male,194.144.9.28
16,Corella,O'Hern,cohernf@ask.com,Female,81.197.230.217
17,Griffin,Le Frank,glefrankg@reverbnation.com,Male,245.6.137.200
18,Benoite,Nasi,bnasih@phpbb.com,Female,10.147.10.24
19,Gabbie,Vanshin,gvanshini@tamu.edu,Male,28.166.138.186
20,Sutherland,Fish,sfishj@example.com,Male,233.30.193.216
21,Doris,Oxx,doxxk@businessweek.com,Female,221.243.79.183
22,Natty,Redpath,nredpathl@uol.com.br,Male,43.79.116.34
23,Bax,Guslon,bguslonm@miitbeian.gov.cn,Male,190.60.90.160
24,Leda,Derrick,lderrickn@wiley.com,Female,240.141.48.209
25,Justin,Lambrick,jlambricko@creativecommons.org,Male,0.91.239.153
26,Minor,Berzins,mberzinsp@goodreads.com,Male,88.150.77.151
27,Nerita,Hansana,nhansanaq@accuweather.com,Female,173.27.73.43
28,Amber,Lisciandro,alisciandror@patch.com,Female,184.255.36.202
29,Osbourn,MacPaik,omacpaiks@nymag.com,Male,54.84.159.123
30,Leopold,Georgi,lgeorgit@netscape.com,Male,152.142.236.88
31,Hermy,Gaize,hgaizeu@facebook.com,Male,83.75.178.38
32,Ynez,Keller,ykellerv@independent.co.uk,Female,102.163.69.202
33,Paloma,Penbarthy,ppenbarthyw@jigsy.com,Female,244.22.74.238
34,Rosemonde,Gillanders,rgillandersx@chronoengine.com,Female,209.218.197.74
35,Jere,Cumbridge,jcumbridgey@google.ca,Female,143.198.8.234
36,Arabella,Ramalhete,aramalhetez@freewebs.com,Female,81.226.166.235
37,Tamarra,Hedley,thedley10@godaddy.com,Female,71.192.204.65
38,Dasha,Bastide,dbastide11@examiner.com,Female,212.141.128.113
39,Veronika,Houlden,vhoulden12@tumblr.com,Female,110.214.93.19
40,Winnifred,Durham,wdurham13@blogger.com,Female,127.213.72.241
41,Phip,Littlemore,plittlemore14@usnews.com,Male,187.162.219.1
42,Aube,McGee,amcgee15@omniture.com,Male,62.120.193.170
43,Kriste,MacLice,kmaclice16@hexun.com,Female,188.211.124.241
44,Merridie,Vankov,mvankov17@geocities.com,Female,210.116.46.224
45,Brion,Brigstock,bbrigstock18@home.pl,Male,177.115.244.161
46,Daven,Bowkett,dbowkett19@gravatar.com,Male,71.192.186.123
47,Ansell,Greenall,agreenall1a@oracle.com,Male,10.56.3.139
48,Hilda,Petrie,hpetrie1b@europa.eu,Female,235.0.35.83
49,Blondelle,Aizic,baizic1c@aol.com,Female,100.254.135.64
50,Korella,Grushin,kgrushin1d@hibu.com,Female,218.65.96.132
51,Aggie,Beesley,abeesley1e@symantec.com,Female,175.27.56.31
52,Rhodia,Dymott,rdymott1f@usatoday.com,Female,168.69.112.75
53,Sollie,MacGillivrie,smacgillivrie1g@columbia.edu,Male,154.208.150.71
54,Hayley,Bosden,hbosden1h@jugem.jp,Female,240.24.65.66
55,Darill,Moores,dmoores1i@thetimes.co.uk,Male,177.110.42.234
56,Emmalee,Sellner,esellner1j@google.com,Female,20.169.1.241
57,Nestor,Bantham,nbantham1k@omniture.com,Male,183.238.118.119
58,Charlotta,Wilhelmy,cwilhelmy1l@lycos.com,Female,153.95.93.244
59,Callida,Jacobowicz,cjacobowicz1m@nasa.gov,Female,109.129.42.51
60,Germana,Cordero,gcordero1n@parallels.com,Female,0.255.0.75
61,Carlee,Neely,cneely1o@ucla.edu,Female,88.9.245.74
62,Hailee,Siddell,hsiddell1p@ow.ly,Female,252.167.200.36
63,Margaux,Kleinplac,mkleinplac1q@independent.co.uk,Female,129.217.186.106
64,Charisse,Seals,cseals1r@eepurl.com,Female,144.109.160.198
65,Felipa,Kesper,fkesper1s@irs.gov,Female,250.126.82.167
66,Walton,Phebee,wphebee1t@hubpages.com,Male,232.148.183.67
67,Howey,Jilliss,hjilliss1u@google.com,Male,123.126.77.101
68,Rosco,Irce,rirce1v@people.com.cn,Male,117.46.246.228
69,Rudyard,Leates,rleates1w@booking.com,Male,213.83.193.77
70,Erick,Lamblin,elamblin1x@uiuc.edu,Male,193.240.79.41
71,Gill,Origan,gorigan1y@hhs.gov,Female,11.144.72.200
72,Sanson,Sieb,ssieb1z@census.gov,Male,205.207.143.40
73,Barnett,Saffran,bsaffran20@umn.edu,Male,41.152.232.187
74,Melva,Anthoney,manthoney21@shutterfly.com,Female,39.166.230.107
75,Humfrid,Knappe,hknappe22@github.com,Male,210.133.190.170
76,Radcliffe,Andryushin,randryushin23@toplist.cz,Male,213.143.186.3
77,Lindsay,Mosson,lmosson24@slashdot.org,Female,149.163.177.186
78,Antonino,Traise,atraise25@fc2.com,Male,149.51.213.186
79,Emiline,Brandle,ebrandle26@ocn.ne.jp,Female,181.213.133.99
80,Rosemaria,Rikel,rrikel27@paypal.com,Female,155.134.105.13
81,Brittany,Keefe,bkeefe28@drupal.org,Female,249.178.195.255
82,Boonie,Jirsa,bjirsa29@dailymail.co.uk,Male,94.179.153.87
83,Tabby,Maingot,tmaingot2a@storify.com,Female,66.167.153.43
84,Mattie,Schulke,mschulke2b@ameblo.jp,Male,138.19.84.220
85,Silvanus,Bister,sbister2c@surveymonkey.com,Male,115.185.172.89
86,Annabella,Hastwall,ahastwall2d@jugem.jp,Female,13.89.155.177
87,Rebecca,Coll,rcoll2e@webeden.co.uk,Female,243.235.104.236
88,Melicent,Dann,mdann2f@instagram.com,Female,92.50.23.160
89,Bertie,Burbank,bburbank2g@blinklist.com,Female,8.69.125.56
90,Darb,Houtbie,dhoutbie2h@angelfire.com,Female,239.11.104.82
91,Jonis,Smallbone,jsmallbone2i@alibaba.com,Female,130.121.105.228
92,Pepita,Prise,pprise2j@behance.net,Female,75.78.219.215
93,Portia,Dufton,pdufton2k@ask.com,Female,114.54.54.134
94,Alastair,Mauger,amauger2l@washingtonpost.com,Male,205.82.231.47
95,Husain,Cordobes,hcordobes2m@linkedin.com,Male,62.217.93.127
96,Denney,Kornacki,dkornacki2n@amazon.com,Male,242.193.202.82
97,Neila,Wilstead,nwilstead2o@fc2.com,Female,8.40.31.193
98,Victoria,Ferroni,vferroni2p@nasa.gov,Female,70.182.74.235
99,Kleon,Stetson,kstetson2q@woothemes.com,Male,17.35.64.18
100,Julio,Davenhill,jdavenhill2r@moonfruit.com,Male,122.174.197.227
101,Felecia,Aston,faston2s@cbc.ca,Female,92.26.31.3
102,Redford,Feldman,rfeldman2t@blogtalkradio.com,Male,199.77.210.33
103,Even,Duetsche,eduetsche2u@apache.org,Male,56.82.216.97
104,Geralda,Hickisson,ghickisson2v@admin.ch,Female,244.81.170.70
105,Darryl,Swinburn,dswinburn2w@bloglovin.com,Male,214.8.20.61
106,Lief,Olivey,lolivey2x@si.edu,Male,178.218.40.209
107,Virgil,Olekhov,volekhov2y@dmoz.org,Male,65.60.225.26
108,Erina,Ebsworth,eebsworth2z@hatena.ne.jp,Female,77.241.106.134
109,Delmar,Hebblewaite,dhebblewaite30@gizmodo.com,Male,109.212.119.211
110,Coop,Reide,creide31@baidu.com,Male,106.94.237.215
111,Fee,Plenderleith,fplenderleith32@soup.io,Male,93.180.44.111
112,Pavia,Castelyn,pcastelyn33@blog.com,Female,126.175.34.155
113,Lonee,Sivewright,lsivewright34@ucoz.com,Female,192.143.10.223
114,Ernestus,Shotboult,eshotboult35@ibm.com,Male,16.23.212.70
115,Delmore,Zarfat,dzarfat36@ezinearticles.com,Male,138.99.249.6
116,Brenna,McClosh,bmcclosh37@rediff.com,Female,22.50.124.147
117,Heddie,Strangeway,hstrangeway38@livejournal.com,Female,115.131.155.206
118,Diana,Quilleash,dquilleash39@reverbnation.com,Female,43.181.181.204
119,Shermie,McLagain,smclagain3a@bluehost.com,Male,112.62.201.211
120,Sophie,Jira,sjira3b@dailymail.co.uk,Female,249.50.123.231
121,Georgy,Ewbanche,gewbanche3c@digg.com,Male,31.81.135.230
122,Mohandis,Thom,mthom3d@addthis.com,Male,55.139.47.37
123,Aurora,Cagan,acagan3e@businessweek.com,Female,117.247.17.207
124,Adella,Hazard,ahazard3f@sphinn.com,Female,154.139.174.162
125,Sela,Bettinson,sbettinson3g@cafepress.com,Female,114.85.124.210
126,Zelma,Callicott,zcallicott3h@ow.ly,Female,141.224.161.76
127,Hesther,Leveret,hleveret3i@wikia.com,Female,232.118.3.33
128,Hillyer,Grover,hgrover3j@google.co.uk,Male,97.58.87.159
129,Katharina,Lapthorn,klapthorn3k@histats.com,Female,60.143.96.121
130,Tobey,Koschek,tkoschek3l@skype.com,Female,165.161.123.254
131,Vi,Guiel,vguiel3m@amazon.com,Female,23.76.136.65
132,Jillene,Sysland,jsysland3n@icq.com,Female,173.47.2.5
133,Ophelia,Marvelley,omarvelley3o@spotify.com,Female,126.245.212.25
134,Hayyim,Rilston,hrilston3p@cbc.ca,Male,89.140.11.17
135,Sigrid,Melloi,smelloi3q@berkeley.edu,Female,132.176.80.166
136,Edmund,Rollinshaw,erollinshaw3r@amazonaws.com,Male,255.58.93.182
137,Micah,Van Ross,mvanross3s@seattletimes.com,Male,151.242.83.114
138,Cyrillus,Douche,cdouche3t@cbsnews.com,Male,69.63.54.237
139,Gayler,Spurrior,gspurrior3u@posterous.com,Male,29.139.48.238
140,Kingsley,Coltherd,kcoltherd3v@jiathis.com,Male,4.5.182.74
141,Lyndell,Pantecost,lpantecost3w@storify.com,Female,59.14.226.65
142,Alli,Birchenough,abirchenough3x@imdb.com,Female,77.31.209.255
143,Averil,Schwant,aschwant3y@ted.com,Female,114.194.61.236
144,Annamaria,Patria,apatria3z@theglobeandmail.com,Female,215.170.141.241
145,Rich,Brunelleschi,rbrunelleschi40@engadget.com,Male,117.134.47.143
146,Bernete,Denzey,bdenzey41@tumblr.com,Female,204.145.187.66
147,Joey,Fitch,jfitch42@google.fr,Male,236.45.182.86
148,Karlee,Fisbburne,kfisbburne43@blogs.com,Female,18.169.107.70
149,Martie,Martinuzzi,mmartinuzzi44@ucsd.edu,Female,221.201.226.239
150,Burgess,Fosdike,bfosdike45@lycos.com,Male,207.4.247.63
151,Roberto,Grinnikov,rgrinnikov46@army.mil,Male,214.215.61.155
152,Griffy,Gabbatiss,ggabbatiss47@artisteer.com,Male,74.202.101.74
153,Kin,Clubley,kclubley48@discovery.com,Male,206.111.93.171
154,Joscelin,Cathersides,jcathersides49@homestead.com,Female,162.111.177.162
155,Michelle,Willoughley,mwilloughley4a@alibaba.com,Female,82.147.58.85
156,Gael,Calder,gcalder4b@hud.gov,Male,137.115.185.239
157,Allene,Allsopp,aallsopp4c@netscape.com,Female,205.144.198.6
158,Neall,Stellin,nstellin4d@utexas.edu,Male,113.112.107.27
159,Ellene,Cracknell,ecracknell4e@i2i.jp,Female,132.21.53.88
160,Courtney,Elson,celson4f@addthis.com,Male,132.139.113.93
161,Dionisio,De la Eglise,ddelaeglise4g@nasa.gov,Male,29.99.218.241
162,Anita,Durnell,adurnell4h@mit.edu,Female,211.224.36.177
163,Florette,Keesman,fkeesman4i@businesswire.com,Female,51.37.133.73
164,Teresita,Bercher,tbercher4j@paypal.com,Female,111.250.210.231
165,Phil,Ribou,pribou4k@behance.net,Male,213.108.87.132
166,Lenette,Leander,lleander4l@drupal.org,Female,234.11.49.21
167,Hewet,Tumielli,htumielli4m@altervista.org,Male,147.246.41.26
168,Griff,Cheales,gcheales4n@army.mil,Male,87.186.142.211
169,Hendrick,Stafford,hstafford4o@github.com,Male,70.89.38.162
170,Tabbie,Joscelin,tjoscelin4p@opensource.org,Male,63.237.111.16
171,Yvonne,Wagstaffe,ywagstaffe4q@multiply.com,Female,113.215.134.186
172,Rem,Humphery,rhumphery4r@usnews.com,Male,171.96.201.73
173,Vanny,Gavozzi,vgavozzi4s@tamu.edu,Female,140.220.226.104
174,Nannette,Fagan,nfagan4t@huffingtonpost.com,Female,215.183.142.164
175,Urson,Pullar,upullar4u@mlb.com,Male,5.115.189.151
176,Asher,Nannoni,anannoni4v@ocn.ne.jp,Male,100.155.23.173
177,Rene,Robey,rrobey4w@adobe.com,Male,118.180.50.34
178,Sherwin,Whitsun,swhitsun4x@dailymail.co.uk,Male,47.109.101.200
179,Germain,Yerrell,gyerrell4y@mail.ru,Female,207.158.59.95
180,Emalee,Rikel,erikel4z@sitemeter.com,Female,152.49.140.185
181,Shena,Debrick,sdebrick50@google.it,Female,116.107.200.238
182,Janella,Haggis,jhaggis51@acquirethisname.com,Female,129.204.109.114
183,Jena,Stivey,jstivey52@yahoo.com,Female,91.9.99.39
184,Moshe,Piwall,mpiwall53@webmd.com,Male,25.20.162.244
185,Walt,Cadogan,wcadogan54@netscape.com,Male,127.10.84.201
186,Lori,Caret,lcaret55@home.pl,Female,204.195.235.84
187,Travis,Blenkinship,tblenkinship56@live.com,Male,90.230.139.86
188,Jessy,Kehoe,jkehoe57@wired.com,Female,36.179.159.239
189,Kingsly,Reese,kreese58@nifty.com,Male,245.131.198.249
190,Delmore,Simonyi,dsimonyi59@fotki.com,Male,83.74.190.110
191,Erv,Skillen,eskillen5a@wsj.com,Male,56.205.78.213
192,Ulysses,Danko,udanko5b@sohu.com,Male,192.71.94.190
193,Findlay,Reggio,freggio5c@accuweather.com,Male,219.110.169.130
194,Jeno,Garralts,jgarralts5d@over-blog.com,Male,146.193.4.39
195,Daffy,Luis,dluis5e@statcounter.com,Female,159.116.220.159
196,Antoni,Leidl,aleidl5f@csmonitor.com,Male,8.204.227.66
197,Georgianna,Deshorts,gdeshorts5g@psu.edu,Female,243.19.207.12
198,Haleigh,O'Reilly,horeilly5h@chronoengine.com,Male,141.178.160.147
199,Edmon,Kernar,ekernar5i@trellian.com,Male,117.25.21.144
200,Aguste,Dawbery,adawbery5j@joomla.org,Male,181.83.159.254
