id	first_name	last_name	email	gender	ip_address
1	Aretha	Perrelle	aperrelle0@vinaora.com	Female	180.133.222.24
2	Shir	Limbourne	slimbourne1@amazon.co.jp	Female	116.43.180.224
3	Franz	Macquire	fmacquire2@smh.com.au	Male	13.220.189.173
4	Osmond	Hoyte	ohoyte3@discovery.com	Male	238.230.17.56
5	Amy	Collumbell	acollumbell4@boston.com	Female	130.235.53.76
6	Bill	Alelsandrowicz	balelsandrowicz5@comsenz.com	Male	180.4.24.105
7	Ynes	Fairpool	yfairpool6@zdnet.com	Female	147.138.36.234
8	Jeffry	Thomton	jthomton7@seattletimes.com	Male	49.103.42.95
9	Dorolisa	Owenson	dowenson8@biblegateway.com	Female	147.56.253.107
10	Gloriane	Smithers	gsmithers9@webs.com	Female	101.191.155.135
11	Allie	Clohessy	aclohessya@marriott.com	Female	37.54.59.149
12	Reagen	Cabrera	rcabrerab@mlb.com	Male	90.238.243.9
13	Barbie	Waller	bwallerc@reuters.com	Female	74.50.176.54
14	Galen	Grunson	ggrunsond@ifeng.com	Male	128.41.149.233
15	Prescott	Furze	pfurzee@washington.edu	Male	155.67.148.156
16	Zuzana	Moreinis	zmoreinisf@arstechnica.com	Female	8.77.109.48
17	Joice	Boyce	jboyceg@unc.edu	Female	252.144.90.235
18	Teddie	Bisset	tbisseth@desdev.cn	Male	208.119.114.228
19	Blondy	Corish	bcorishi@w3.org	Female	102.139.212.162
20	De witt	McGaffey	dmcgaffeyj@friendfeed.com	Male	253.234.109.173
21	Leonid	Chadbourn	lchadbournk@omniture.com	Male	218.51.3.105
22	Anselm	Cavozzi	acavozzil@aol.com	Male	4.54.16.186
23	Dorri	Ringer	dringerm@patch.com	Female	121.245.236.180
24	Salvidor	Ritchley	sritchleyn@hostgator.com	Male	216.71.161.248
25	Raymund	Henniger	rhennigero@dion.ne.jp	Male	217.123.104.144
26	Jany	Brabbs	jbrabbsp@gizmodo.com	Female	180.247.179.210
27	Koenraad	Thomerson	kthomersonq@ucla.edu	Male	72.221.167.81
28	Harwell	Siveyer	hsiveyerr@mac.com	Male	219.116.28.69
29	Cecilio	Daftor	cdaftors@devhub.com	Male	191.50.128.160
30	Kristoforo	Devenport	kdevenportt@reuters.com	Male	171.201.108.224
31	Demetris	Siret	dsiretu@github.io	Male	229.176.76.42
32	Jereme	Sybe	jsybev@fc2.com	Male	199.239.198.30
33	Kesley	Vosse	kvossew@ow.ly	Female	6.110.77.114
34	Wang	Pitblado	wpitbladox@addthis.com	Male	179.221.32.129
35	Thorn	Khadir	tkhadiry@php.net	Male	178.77.34.74
36	Homere	Tschiersch	htschierschz@vk.com	Male	240.18.124.177
37	Brinn	Barca	bbarca10@seesaa.net	Female	100.157.213.252
38	Yale	Brearton	ybrearton11@hugedomains.com	Male	201.8.107.13
39	Morgun	Moss	mmoss12@un.org	Male	239.107.71.243
40	Free	Vedntyev	fvedntyev13@wikispaces.com	Male	143.200.207.45
41	Ricki	Rochelle	rrochelle14@boston.com	Male	3.199.63.200
42	Maxie	Curgenuer	mcurgenuer15@admin.ch	Male	210.27.167.233
43	Brod	Wolfers	bwolfers16@list-manage.com	Male	178.156.225.255
44	Lazare	Ambrosini	lambrosini17@dmoz.org	Male	163.254.29.73
45	Hoyt	Gaven	hgaven18@google.com.au	Male	10.130.164.87
46	Flossy	Gowman	fgowman19@gmpg.org	Female	246.243.185.237
47	Dyane	Quig	dquig1a@who.int	Female	239.135.170.206
48	Tad	Placidi	tplacidi1b@nhs.uk	Male	3.182.177.107
49	Humberto	Argyle	hargyle1c@paypal.com	Male	127.235.226.94
50	Barney	Ralestone	bralestone1d@wordpress.org	Male	25.82.208.137
51	Sonny	Collens	scollens1e@tuttocitta.it	Female	3.216.170.206
52	Terri-jo	Caselick	tcaselick1f@buzzfeed.com	Female	74.234.69.99
53	Fern	Christoffersen	fchristoffersen1g@dot.gov	Female	80.21.198.130
54	Galvan	Jurn	gjurn1h@tinyurl.com	Male	110.57.241.87
55	Zerk	Lissandrini	zlissandrini1i@cdbaby.com	Male	155.115.15.247
56	Riley	Voysey	rvoysey1j@yelp.com	Male	203.238.251.26
57	Malorie	Bucknall	mbucknall1k@scribd.com	Female	124.3.146.58
58	Kristoffer	Henke	khenke1l@newsvine.com	Male	154.31.245.51
59	Tess	Curphey	tcurphey1m@sakura.ne.jp	Female	154.155.207.85
60	Scotti	Miklem	smiklem1n@usnews.com	Male	85.163.206.125
61	Lockwood	Calderonello	lcalderonello1o@mlb.com	Male	83.198.171.87
62	Delcina	Bradburn	dbradburn1p@nydailynews.com	Female	212.53.255.6
63	Loralyn	Samter	lsamter1q@prnewswire.com	Female	101.255.10.131
64	Sigfrid	Evreux	sevreux1r@woothemes.com	Male	116.210.117.219
65	Cash	Teffrey	cteffrey1s@soup.io	Male	250.242.242.175
66	Corbin	Kynder	ckynder1t@engadget.com	Male	12.30.185.149
67	Conroy	Ruffy	cruffy1u@feedburner.com	Male	250.176.30.226
68	Buckie	Sandford	bsandford1v@usgs.gov	Male	62.134.90.122
69	Joyous	Osmund	josmund1w@cnn.com	Female	203.75.36.252
70	Serge	Reith	sreith1x@istockphoto.com	Male	102.190.45.11
71	Danika	Hatterslay	dhatterslay1y@hexun.com	Female	242.89.23.90
72	Adlai	McMillan	amcmillan1z@springer.com	Male	139.58.247.94
73	Craig	Bentall	cbentall20@smugmug.com	Male	151.26.165.60
74	Edgar	Dyshart	edyshart21@imgur.com	Male	18.65.242.22
75	Dukie	McMickan	dmcmickan22@ucla.edu	Male	20.170.23.244
76	Adan	Dadswell	adadswell23@dell.com	Female	166.99.167.69
77	Taite	Langston	tlangston24@gizmodo.com	Male	251.72.61.240
78	Nonah	Huguet	nhuguet25@moonfruit.com	Female	181.81.95.201
79	Hale	Warby	hwarby26@dailymotion.com	Male	101.241.55.184
80	Gwen	Delagnes	gdelagnes27@va.gov	Female	19.45.95.116
81	Phillipe	Hague	phague28@list-manage.com	Male	55.68.18.129
82	Keary	Franzen	kfranzen29@etsy.com	Male	72.34.223.51
83	Geordie	Senton	gsenton2a@cbc.ca	Male	106.120.59.245
84	Verine	Sills	vsills2b@spiegel.de	Female	42.108.228.148
85	Kristopher	Baison	kbaison2c@smh.com.au	Male	68.93.122.106
86	Tarrah	Marns	tmarns2d@hugedomains.com	Female	111.234.152.170
87	Queenie	Dimont	qdimont2e@berkeley.edu	Female	101.237.24.29
88	Brannon	Castell	bcastell2f@purevolume.com	Male	158.74.41.29
89	Arlene	McGettigan	amcgettigan2g@creativecommons.org	Female	156.169.4.150
90	Rori	Carse	rcarse2h@ustream.tv	Female	32.109.138.221
91	Ginni	Marrion	gmarrion2i@chronoengine.com	Female	128.142.115.175
92	Sidnee	Teape	steape2j@samsung.com	Male	223.124.146.3
93	Elizabeth	Meach	emeach2k@linkedin.com	Female	118.82.97.105
94	Antoinette	Skerritt	askerritt2l@livejournal.com	Female	14.155.36.66
95	Rosalia	Girodon	rgirodon2m@ted.com	Female	70.243.103.227
96	Jammal	Vittori	jvittori2n@discuz.net	Male	171.158.105.236
97	Terencio	Peris	tperis2o@mapy.cz	Male	29.158.4.1
98	Artemus	Gosson	agosson2p@accuweather.com	Male	230.134.102.134
99	Jimmie	Hedling	jhedling2q@barnesandnoble.com	Male	159.160.79.17
100	Imojean	Edmeads	iedmeads2r@creativecommons.org	Female	244.85.152.13
101	Jdavie	Crookshanks	jcrookshanks2s@washington.edu	Male	129.63.130.112
102	Dino	Joutapaitis	djoutapaitis2t@ovh.net	Male	173.247.212.151
103	Saundra	Sapsed	ssapsed2u@mapquest.com	Male	221.243.55.147
104	Manny	Turrell	mturrell2v@mashable.com	Male	2.140.67.213
105	Luci	McOwen	lmcowen2w@chicagotribune.com	Female	120.184.107.56
106	Buiron	Strothers	bstrothers2x@omniture.com	Male	178.36.232.117
107	Elli	Durston	edurston2y@github.com	Female	173.17.135.59
108	Lothario	Kier	lkier2z@naver.com	Male	159.121.190.78
109	Jared	Brimilcombe	jbrimilcombe30@amazon.de	Male	39.173.71.146
110	Edsel	Mattheissen	emattheissen31@alexa.com	Male	30.190.22.208
111	Edmon	Arkow	earkow32@rakuten.co.jp	Male	132.247.251.100
112	Brenn	Iacabucci	biacabucci33@unesco.org	Female	106.70.35.172
113	Chadwick	Splevins	csplevins34@pbs.org	Male	115.74.89.149
114	Harri	Gynne	hgynne35@stumbleupon.com	Female	14.71.56.244
115	Jud	MacGaffey	jmacgaffey36@nih.gov	Male	19.14.47.68
116	Liv	Yegorev	lyegorev37@linkedin.com	Female	210.141.147.102
117	Bobette	Setchfield	bsetchfield38@wikimedia.org	Female	128.97.151.106
118	Ashly	Foskew	afoskew39@reuters.com	Female	159.48.14.149
119	Gilburt	MacMenamy	gmacmenamy3a@barnesandnoble.com	Male	103.63.88.250
120	Luce	Cordero	lcordero3b@wufoo.com	Male	173.20.164.183
121	Rand	Mitchelmore	rmitchelmore3c@craigslist.org	Male	61.0.77.170
122	Adena	Foli	afoli3d@blog.com	Female	252.202.83.94
123	Dugald	O'Corrin	docorrin3e@pinterest.com	Male	48.4.84.103
124	Allin	Cowen	acowen3f@canalblog.com	Male	139.149.93.199
125	Kincaid	Planke	kplanke3g@squarespace.com	Male	218.26.43.81
126	Gena	Calabry	gcalabry3h@independent.co.uk	Female	193.181.164.77
127	Aymer	Lanigan	alanigan3i@miibeian.gov.cn	Male	86.231.153.115
128	Major	Hawthorne	mhawthorne3j@jugem.jp	Male	48.76.163.183
129	Kalinda	Rubega	krubega3k@guardian.co.uk	Female	233.228.160.98
130	Dorree	Pollicott	dpollicott3l@photobucket.com	Female	234.248.172.180
131	Lonny	McLaverty	lmclaverty3m@wikia.com	Male	31.127.186.143
132	Robert	Lamkin	rlamkin3n@ed.gov	Male	149.91.95.209
133	Lynnea	Mynard	lmynard3o@deliciousdays.com	Female	62.117.46.12
134	Hilary	Frandsen	hfrandsen3p@wisc.edu	Male	222.34.235.81
135	Melissa	Hirtzmann	mhirtzmann3q@ovh.net	Female	201.36.226.214
136	Lelia	Nuschke	lnuschke3r@sohu.com	Female	168.109.67.161
137	Nalani	Finlry	nfinlry3s@cornell.edu	Female	25.53.133.103
138	Mickie	Cristofari	mcristofari3t@wisc.edu	Female	41.3.51.237
139	Kleon	Jirick	kjirick3u@gmpg.org	Male	94.172.197.72
140	Brandy	Mation	bmation3v@purevolume.com	Male	146.206.238.73
141	Joellyn	Trays	jtrays3w@com.com	Female	179.159.102.3
142	Erek	Ferryn	eferryn3x@netscape.com	Male	44.204.40.182
143	Etan	Lilliman	elilliman3y@uol.com.br	Male	200.238.177.188
144	Rakel	Gofforth	rgofforth3z@cisco.com	Female	208.183.148.85
145	Toby	Ashard	tashard40@cyberchimps.com	Male	169.65.122.226
146	Laure	Scotchmur	lscotchmur41@bravesites.com	Female	234.72.86.13
147	Petr	Muriel	pmuriel42@sina.com.cn	Male	179.227.191.205
148	Fanni	Dollimore	fdollimore43@zimbio.com	Female	40.208.25.248
149	Bennie	Pleaden	bpleaden44@latimes.com	Female	36.83.44.67
150	Simmonds	Ferrotti	sferrotti45@epa.gov	Male	226.54.197.92
151	Ginger	Leer	gleer46@arizona.edu	Male	82.154.218.192
152	Jeannette	Surphliss	jsurphliss47@cnbc.com	Female	224.89.158.200
153	Glynn	Beushaw	gbeushaw48@wikipedia.org	Male	255.79.135.115
154	Gusti	Ives	gives49@psu.edu	Female	209.170.66.213
155	Deane	Finlayson	dfinlayson4a@storify.com	Female	77.198.230.56
156	Elladine	Sinott	esinott4b@de.vu	Female	92.159.132.34
157	Gracia	Coneybeer	gconeybeer4c@paypal.com	Female	241.18.102.42
158	Annis	Huscroft	ahuscroft4d@drupal.org	Female	109.26.31.24
159	Maribelle	Pehrsson	mpehrsson4e@deliciousdays.com	Female	30.69.88.214
160	Arnaldo	Dreschler	adreschler4f@google.nl	Male	142.54.167.209
161	Husein	Apted	hapted4g@dailymotion.com	Male	73.26.77.101
162	Susana	O'Cannon	socannon4h@msu.edu	Female	228.155.206.92
163	Prudi	Holleran	pholleran4i@sourceforge.net	Female	164.172.93.128
164	Susette	Dargue	sdargue4j@epa.gov	Female	131.218.46.30
165	Peggi	Shaves	pshaves4k@ebay.com	Female	115.241.175.213
166	Cherise	Kitt	ckitt4l@pcworld.com	Female	31.13.22.215
167	Analise	Barnhill	abarnhill4m@unc.edu	Female	33.43.202.14
168	Merle	Dechelle	mdechelle4n@hp.com	Male	199.75.130.140
169	Francis	Mainston	fmainston4o@mozilla.org	Male	153.74.223.91
170	Clarette	Hallihane	challihane4p@creativecommons.org	Female	197.236.147.42
171	Dame	Bhatia	dbhatia4q@indiegogo.com	Male	74.24.152.99
172	Leelah	Tirrell	ltirrell4r@so-net.ne.jp	Female	43.157.61.176
173	Curran	Starcks	cstarcks4s@1und1.de	Male	140.246.124.131
174	Devonne	McCurt	dmccurt4t@vinaora.com	Female	84.218.181.214
175	Jenna	Spellar	jspellar4u@nymag.com	Female	254.194.130.4
176	Shelden	Dood	sdood4v@comsenz.com	Male	221.61.1.164
177	Ogden	Rutherforth	orutherforth4w@noaa.gov	Male	114.166.244.201
178	Eberhard	MacNeilage	emacneilage4x@blogtalkradio.com	Male	94.127.37.232
179	Tanny	Gatheridge	tgatheridge4y@aol.com	Male	232.235.220.175
180	Eustace	Bunny	ebunny4z@myspace.com	Male	8.120.24.193
181	Latisha	Everiss	leveriss50@java.com	Female	20.121.105.124
182	Lorin	Crabtree	lcrabtree51@indiatimes.com	Male	165.146.70.240
183	Porter	Beeho	pbeeho52@go.com	Male	91.187.234.138
184	Garrek	Minillo	gminillo53@rediff.com	Male	106.60.128.71
185	Elicia	Christoforou	echristoforou54@webnode.com	Female	227.181.41.128
186	Karlan	Milch	kmilch55@desdev.cn	Male	190.85.92.85
187	Laural	Lamas	llamas56@slashdot.org	Female	249.115.113.196
188	Verile	Potteril	vpotteril57@skyrock.com	Female	230.192.111.200
189	Stanislaw	Kirmond	skirmond58@wufoo.com	Male	123.84.99.128
190	Zorina	Fernao	zfernao59@indiatimes.com	Female	189.55.110.242
191	Archibaldo	Monteaux	amonteaux5a@goo.ne.jp	Male	207.150.105.125
192	Nicolas	Swindle	nswindle5b@unicef.org	Male	177.206.109.209
193	Angus	Bradane	abradane5c@answers.com	Male	24.10.35.245
194	Max	Benedick	mbenedick5d@friendfeed.com	Male	233.4.247.214
195	Alica	Osment	aosment5e@dagondesign.com	Female	96.108.174.69
196	Demetra	Frill	dfrill5f@bravesites.com	Female	238.193.52.99
197	Emili	Jacobbe	ejacobbe5g@squidoo.com	Female	80.248.181.122
198	Alfreda	Bolter	abolter5h@artisteer.com	Female	234.41.19.81
199	Jaymee	Wrist	jwrist5i@symantec.com	Female	188.102.152.6
200	Yorker	Livingstone	ylivingstone5j@youku.com	Male	236.18.225.142
